<?xml version="1.0" encoding="utf-8"?>
<odoo>
    <record model="ir.module.category" id="module_category_custom_sales">
        <field name="name">Sales Custom</field>
    </record>

    <record model="res.groups" id="sales_custom_manager">
        <field name="name">Sales Custom Manager</field>
        <field name="category_id" ref="module_category_custom_sales"/>
    </record>

    <record model="res.groups" id="sales_custom_director">
        <field name="name">Sales Custom Director</field>
        <field name="category_id" ref="module_category_custom_sales"/>
    </record>
<!--    access_odoo_practice,access.odoo.practice,model_odoo_practice,,1,1,1,1-->
</odoo>

